Metric,Value
RMSE_Train,0.3651483716701107
MAE_Train,0.13333333333333333
RMSE_Test,1.4142135623730951
MAE_Test,1.0
