Metric,Value
RMSE_Train,0.3892494720807615
MAE_Train,0.09090909090909091
RMSE_Test,0.0
MAE_Test,0.0
