Metric,Value
RMSE_Train,0.12126781251816648
MAE_Train,0.029411764705882353
RMSE_Test,0.3333333333333333
MAE_Test,0.1111111111111111
