Metric,Value
RMSE_Train,0.45883146774112354
MAE_Train,0.21052631578947367
RMSE_Test,0.31622776601683794
MAE_Test,0.1
